[
    {
        "id": "svQoiVZRwHw",
        "title": "Pasang Filter Air Baiknya Diawal Rumah Di Bangun #fyp #waterfilter #airbaubesi",
        "duration": "0:58",
        "views": "1.4K"
    },
    {
        "id": "QWcevX47foQ",
        "title": "Instalasi Filter Air Besi dan Mangan #fyp\u30b7\u309aviral #bersihbersihrumah #watertreatment",
        "duration": "1:48",
        "views": "1K"
    },
    {
        "id": "300Sjywc3s4",
        "title": "Instalasi Filter Air Tirtasani Malang #fyp\u30b7\u309aviral #watertreatment",
        "duration": "2:14",
        "views": "879"
    },
    {
        "id": "TYeianWuG0k",
        "title": "Instalasi Filter Air Mengandung Besi dan Mangan #fyp\u30b7\u309aviral #filterairkotamalang #ecofilter",
        "duration": "1:24",
        "views": "460"
    },
    {
        "id": "HIgJMgVIFTM",
        "title": "Persiapan Instalasi Filter Air Fe Mn #fyp\u30b7\u309aviral #filter",
        "duration": "0:51",
        "views": "2.2K"
    },
    {
        "id": "XUj5RXvU_gk",
        "title": "Atasi Pipa Mampet Di Usaha Laundry #fyp\u30b7\u309aviral #bersihbersihrumah",
        "duration": "0:21",
        "views": "1.5K"
    },
    {
        "id": "iYr3K5eV04A",
        "title": "Bersih Kerak Hitam Di Kloset Duduk #flukswater #WaterTreatment #cleaning #fyp #fyp\u30b7\u309aviral",
        "duration": "0:49",
        "views": "1K"
    },
    {
        "id": "j85tKu4n2sU",
        "title": "Detox dan Bersih Pipa Malang - bersihpipa.com #bersihbersihrumah #detox #fyp #fyp\u30b7\u309aviral",
        "duration": "1:01",
        "views": "1.2K"
    },
    {
        "id": "6ElM1XFy10w",
        "title": "Filter Air Endapan Hitam Pada Pipa",
        "duration": "0:25",
        "views": "7.8K"
    },
    {
        "id": "ZRCJ6MEYprQ",
        "title": "Detox Pipa Solusi Air Bersih Tanpa Filter",
        "duration": "0:45",
        "views": "630"
    },
    {
        "id": "JfNlc1UPd3A",
        "title": "Filter Air Kuning dan Mengandung Mn - Fluks Water Filter",
        "duration": "1:09",
        "views": "547"
    },
    {
        "id": "-G5MZMPhTUA",
        "title": "Bersih Pipa Aman Tanpa Bobok Tembok - Fluks Water Detox",
        "duration": "1:08",
        "views": "651"
    },
    {
        "id": "kkY9g0LotVc",
        "title": "Detox Pipa Buntu Fluks Water filterairkota.com",
        "duration": "1:22",
        "views": "588"
    },
    {
        "id": "s38MkFjwIaw",
        "title": "Air Kuning Jadi Jernih, ini air mengandung besi",
        "duration": "0:30",
        "views": "551"
    },
    {
        "id": "DkBfXx8pPpM",
        "title": "Ubur Ubur Ikan Lele, Butuh Di Detox  Lee #backwash #headvalve #filterairsumurbor",
        "duration": "0:14",
        "views": "660"
    }
]