{
  "cabang": [
    {
      "id": "malang",
      "nama": "Kota Malang",
      "alamat": "Jl. Candi Mendut No 23B, Lowokwaru, Malang",
      "koordinat": {
        "lat": -7.9839,
        "lng": 112.6214
      },
      "kontak": {
        "telepon": "+6281236937200",
        "whatsapp": "+6281236937200",
        "email": "malang@bersihpipa.com"
      },
      "jam_operasional": {
        "senin_jumat": "08:00 - 17:00",
        "sabtu": "08:00 - 15:00",
        "minggu": "Tutup"
      },
      "services": {
        "pipa-mampet": { "price": 150000, "available": true },
        "konsultasi": { "price": 0, "available": true },
        "filter-air": { "price": 300000, "available": true },
        "plumbing": { "price": 250000, "available": true },
        "sumur-bor": { "price": 2500000, "available": true },
        "pompa-air": { "price": 800000, "available": true },
        "water-heater": { "price": 500000, "available": false },
        "perbaikan": { "price": 200000, "available": true }
      },
      "status": "aktif",
      "created_at": "2024-01-01T00:00:00Z",
      "updated_at": "2024-07-20T16:54:00Z"
    },
    {
      "id": "surabaya",
      "nama": "Kota Surabaya",
      "alamat": "Jl. Ahmad Yani No 45, Surabaya",
      "koordinat": {
        "lat": -7.2575,
        "lng": 112.7521
      },
      "kontak": {
        "telepon": "+6281236937201",
        "whatsapp": "+6281236937201",
        "email": "surabaya@bersihpipa.com"
      },
      "jam_operasional": {
        "senin_jumat": "08:00 - 17:00",
        "sabtu": "08:00 - 15:00",
        "minggu": "Tutup"
      },
      "services": {
        "pipa-mampet": { "price": 180000, "available": true },
        "konsultasi": { "price": 0, "available": true },
        "filter-air": { "price": 350000, "available": true },
        "plumbing": { "price": 300000, "available": true },
        "sumur-bor": { "price": 3000000, "available": true },
        "pompa-air": { "price": 900000, "available": true },
        "water-heater": { "price": 600000, "available": true },
        "perbaikan": { "price": 250000, "available": true }
      },
      "status": "aktif",
      "created_at": "2024-01-01T00:00:00Z",
      "updated_at": "2024-07-20T16:54:00Z"
    },
    {
      "id": "sidoarjo",
      "nama": "Kabupaten Sidoarjo",
      "alamat": "Jl. Raya Sidoarjo No 12, Sidoarjo",
      "koordinat": {
        "lat": -7.4478,
        "lng": 112.7183
      },
      "kontak": {
        "telepon": "+6281236937202",
        "whatsapp": "+6281236937202",
        "email": "sidoarjo@bersihpipa.com"
      },
      "jam_operasional": {
        "senin_jumat": "08:00 - 17:00",
        "sabtu": "08:00 - 15:00",
        "minggu": "Tutup"
      },
      "services": {
        "pipa-mampet": { "price": 160000, "available": true },
        "konsultasi": { "price": 0, "available": true },
        "filter-air": { "price": 320000, "available": true },
        "plumbing": { "price": 270000, "available": true },
        "sumur-bor": { "price": 2800000, "available": true },
        "pompa-air": { "price": 850000, "available": true },
        "water-heater": { "price": 550000, "available": false },
        "perbaikan": { "price": 220000, "available": true }
      },
      "status": "aktif",
      "created_at": "2024-01-01T00:00:00Z",
      "updated_at": "2024-07-20T16:54:00Z"
    }
  ],
  "metadata": {
    "total_cabang": 3,
    "cabang_aktif": 3,
    "last_updated": "2024-07-20T16:54:00Z",
    "version": "1.1.0"
  }
}