{
  "kategori": [
    {
      "id": "pipa-mampet",
      "nama": "Pipa Mampet",
      "icon": "/upload/icon/pipa-mampet.svg",
      "deskripsi": "Layanan perbaikan dan pembersihan pipa yang tersumbat",
      "warna": "#10B981",
      "status": "aktif",
      "urutan": 1
    },
    {
      "id": "filter-air",
      "nama": "Filter Air",
      "icon": "/upload/icon/filter-air.svg",
      "deskripsi": "Pemasangan dan perawatan filter air berkualitas",
      "warna": "#3B82F6",
      "status": "aktif",
      "urutan": 2
    },
    {
      "id": "plumbing",
      "nama": "Plumbing",
      "icon": "/upload/icon/plumbing.svg",
      "deskripsi": "Layanan instalasi dan perbaikan sistem plumbing",
      "warna": "#F59E0B",
      "status": "aktif",
      "urutan": 3
    },
    {
      "id": "pompa-air",
      "nama": "Pompa Air",
      "icon": "/upload/icon/pompa-air.svg",
      "deskripsi": "Pemasangan dan perbaikan pompa air",
      "warna": "#EF4444",
      "status": "aktif",
      "urutan": 4
    },
    {
      "id": "water-heater",
      "nama": "Water Heater",
      "icon": "/upload/icon/water-heater.svg",
      "deskripsi": "Instalasi dan perbaikan water heater",
      "warna": "#8B5CF6",
      "status": "aktif",
      "urutan": 5
    },
    {
      "id": "perbaikan",
      "nama": "Perbaikan Umum",
      "icon": "/upload/icon/perbaikan.svg",
      "deskripsi": "Layanan perbaikan umum sistem air dan sanitasi",
      "warna": "#6B7280",
      "status": "aktif",
      "urutan": 6
    }
  ],
  "metadata": {
    "total_kategori": 6,
    "kategori_aktif": 6,
    "last_updated": "2024-07-20T16:54:00Z",
    "version": "1.0.0"
  }
} 