{
  "layanan": {
    "id": "filter-air",
    "nama": "Filter Air",
    "kategori": "filter-air",
    "deskripsi": "Pemasangan dan perawatan filter air berkualitas untuk air bersih dan sehat",
    "icon": "/upload/icon/filter-air.svg",
    "gambar": "/upload/layanan/filter-air.jpg",
    "produk": {
      "filter_premium_3_stage": {
        "id": "FA001",
        "nama": "Filter Air Premium 3 Stage",
        "deskripsi": "Filter air berkualitas tinggi dengan 3 tahap penyaringan",
        "gambar": "https://images.unsplash.com/photo-1558618666-fcd25c85cd64?w=300&h=300&fit=crop",
        "rating": 4.8,
        "terjual": 120,
        "fitur": [
          "3 tahap penyaringan",
          "Menghilangkan klorin",
          "Menghilangkan bau",
          "Menghilangkan partikel halus"
        ],
        "spesifikasi": {
          "Kapasitas": "1000-1500 liter/jam",
          "Tekanan Kerja": "1-6 bar",
          "Suhu Operasi": "5-40°C",
          "Dimensi": "25cm x 150cm",
          "Garansi": "1 tahun"
        }
      },
      "filter_standard_2_stage": {
        "id": "FA002",
        "nama": "Filter Air Standard 2 Stage",
        "deskripsi": "Filter air standar dengan 2 tahap penyaringan",
        "gambar": "https://images.unsplash.com/photo-1581094794329-c8112a89af12?w=300&h=300&fit=crop",
        "rating": 4.6,
        "terjual": 85,
        "fitur": [
          "2 tahap penyaringan",
          "Menghilangkan klorin",
          "Menghilangkan bau"
        ],
        "spesifikasi": {
          "Kapasitas": "800-1200 liter/jam",
          "Tekanan Kerja": "1-5 bar",
          "Suhu Operasi": "5-40°C",
          "Dimensi": "20cm x 120cm",
          "Garansi": "6 bulan"
        }
      },
      "filter_ro_5_stage": {
        "id": "FA003",
        "nama": "Filter Air RO 5 Stage",
        "deskripsi": "Filter air Reverse Osmosis dengan 5 tahap penyaringan",
        "gambar": "https://images.unsplash.com/photo-1558618666-fcd25c85cd64?w=300&h=300&fit=crop",
        "rating": 4.9,
        "terjual": 200,
        "fitur": [
          "5 tahap penyaringan",
          "Reverse Osmosis",
          "Menghilangkan semua kontaminan",
          "Air siap minum"
        ],
        "spesifikasi": {
          "Kapasitas": "500-800 liter/jam",
          "Tekanan Kerja": "2-8 bar",
          "Suhu Operasi": "5-40°C",
          "Dimensi": "30cm x 180cm",
          "Garansi": "2 tahun"
        }
      },
      "filter_portable_mini": {
        "id": "FA004",
        "nama": "Filter Air Portable Mini",
        "deskripsi": "Filter air portable untuk kebutuhan mobile",
        "gambar": "https://images.unsplash.com/photo-1581094794329-c8112a89af12?w=300&h=300&fit=crop",
        "rating": 4.7,
        "terjual": 150,
        "fitur": [
          "Portable dan ringan",
          "1 tahap penyaringan",
          "Cocok untuk traveling",
          "Mudah dibawa"
        ],
        "spesifikasi": {
          "Kapasitas": "200-400 liter/jam",
          "Tekanan Kerja": "1-3 bar",
          "Suhu Operasi": "5-40°C",
          "Dimensi": "15cm x 80cm",
          "Garansi": "3 bulan"
        }
      }
    },
    "cabang": {
      "malang": {
        "status": "tersedia",
        "harga": {
          "filter_premium_3_stage": {
            "nama": "Filter Air Premium 3 Stage",
            "harga": 850000,
            "satuan": "unit",
            "estimasi": "2-3 jam",
            "garansi": "1 tahun",
            "gratis_ongkir": true
          },
          "filter_standard_2_stage": {
            "nama": "Filter Air Standard 2 Stage",
            "harga": 450000,
            "satuan": "unit",
            "estimasi": "1-2 jam",
            "garansi": "6 bulan",
            "gratis_ongkir": true
          },
          "filter_ro_5_stage": {
            "nama": "Filter Air RO 5 Stage",
            "harga": 1250000,
            "satuan": "unit",
            "estimasi": "3-4 jam",
            "garansi": "2 tahun",
            "gratis_ongkir": true
          },
          "filter_portable_mini": {
            "nama": "Filter Air Portable Mini",
            "harga": 280000,
            "satuan": "unit",
            "estimasi": "30 menit",
            "garansi": "3 bulan",
            "gratis_ongkir": true
          }
        },
        "teknisi": [
          {
            "id": "T005",
            "nama": "Rudi Hartono",
            "pengalaman": "6 tahun",
            "rating": 4.9,
            "total_pekerjaan": 180,
            "status": "tersedia"
          }
        ],
        "jadwal": {
          "senin_jumat": "08:00 - 17:00",
          "sabtu": "08:00 - 15:00",
          "minggu": "Tutup"
        }
      },
      "surabaya": {
        "status": "tersedia",
        "harga": {
          "filter_premium_3_stage": {
            "nama": "Filter Air Premium 3 Stage",
            "harga": 900000,
            "satuan": "unit",
            "estimasi": "2-3 jam",
            "garansi": "1 tahun",
            "gratis_ongkir": true
          },
          "filter_standard_2_stage": {
            "nama": "Filter Air Standard 2 Stage",
            "harga": 480000,
            "satuan": "unit",
            "estimasi": "1-2 jam",
            "garansi": "6 bulan",
            "gratis_ongkir": true
          },
          "filter_ro_5_stage": {
            "nama": "Filter Air RO 5 Stage",
            "harga": 1300000,
            "satuan": "unit",
            "estimasi": "3-4 jam",
            "garansi": "2 tahun",
            "gratis_ongkir": true
          },
          "filter_portable_mini": {
            "nama": "Filter Air Portable Mini",
            "harga": 300000,
            "satuan": "unit",
            "estimasi": "30 menit",
            "garansi": "3 bulan",
            "gratis_ongkir": true
          }
        },
        "teknisi": [
          {
            "id": "T006",
            "nama": "Bambang Sutejo",
            "pengalaman": "4 tahun",
            "rating": 4.7,
            "total_pekerjaan": 95,
            "status": "tersedia"
          }
        ],
        "jadwal": {
          "senin_jumat": "08:00 - 17:00",
          "sabtu": "08:00 - 15:00",
          "minggu": "Tutup"
        }
      },
      "jakarta": {
        "status": "tersedia",
        "harga": {
          "filter_premium_3_stage": {
            "nama": "Filter Air Premium 3 Stage",
            "harga": 950000,
            "satuan": "unit",
            "estimasi": "2-3 jam",
            "garansi": "1 tahun",
            "gratis_ongkir": true
          },
          "filter_standard_2_stage": {
            "nama": "Filter Air Standard 2 Stage",
            "harga": 500000,
            "satuan": "unit",
            "estimasi": "1-2 jam",
            "garansi": "6 bulan",
            "gratis_ongkir": true
          },
          "filter_ro_5_stage": {
            "nama": "Filter Air RO 5 Stage",
            "harga": 1350000,
            "satuan": "unit",
            "estimasi": "3-4 jam",
            "garansi": "2 tahun",
            "gratis_ongkir": true
          },
          "filter_portable_mini": {
            "nama": "Filter Air Portable Mini",
            "harga": 320000,
            "satuan": "unit",
            "estimasi": "30 menit",
            "garansi": "3 bulan",
            "gratis_ongkir": true
          }
        },
        "teknisi": [
          {
            "id": "T007",
            "nama": "Agus Setiawan",
            "pengalaman": "8 tahun",
            "rating": 4.8,
            "total_pekerjaan": 250,
            "status": "tersedia"
          }
        ],
        "jadwal": {
          "senin_jumat": "08:00 - 17:00",
          "sabtu": "08:00 - 15:00",
          "minggu": "Tutup"
        }
      }
    }
  },
  "metadata": {
    "last_updated": "2024-07-20T16:54:00Z",
    "version": "1.0.0",
    "total_cabang": 3,
    "cabang_tersedia": 3,
    "total_produk": 4
  }
} 