{
  "layanan": {
    "id": "perbaikan",
    "nama": "Perbaikan Umum",
    "kategori": "perbaikan",
    "deskripsi": "Layanan perbaikan umum sistem air dan sanitasi",
    "icon": "/upload/icon/perbaikan.svg",
    "gambar": "/upload/layanan/perbaikan.jpg",
    "cabang": {
      "malang": {
        "status": "tersedia",
        "harga": {
          "perbaikan_kebocoran_umum": {
            "nama": "Perbaikan Kebocoran Umum",
            "harga": 100000,
            "satuan": "per titik",
            "estimasi": "1-2 jam",
            "garansi": "3 bulan"
          },
          "perbaikan_instalasi_air": {
            "nama": "Perbaikan Instalasi Air",
            "harga": 150000,
            "satuan": "per unit",
            "estimasi": "2-3 jam",
            "garansi": "6 bulan"
          },
          "perbaikan_saluran_air": {
            "nama": "Perbaikan Saluran Air",
            "harga": 120000,
            "satuan": "per meter",
            "estimasi": "1-3 jam",
            "garansi": "3 bulan"
          },
          "konsultasi_teknis": {
            "nama": "Konsultasi Teknis",
            "harga": 50000,
            "satuan": "per sesi",
            "estimasi": "30-60 menit",
            "garansi": "-"
          }
        },
        "teknisi": [
          {
            "id": "T017",
            "nama": "Erick Thohir",
            "pengalaman": "8 tahun",
            "rating": 4.8,
            "total_pekerjaan": 190,
            "status": "tersedia"
          }
        ],
        "jadwal": {
          "senin_jumat": "08:00 - 17:00",
          "sabtu": "08:00 - 15:00",
          "minggu": "Tutup"
        }
      },
      "surabaya": {
        "status": "tersedia",
        "harga": {
          "perbaikan_kebocoran_umum": {
            "nama": "Perbaikan Kebocoran Umum",
            "harga": 110000,
            "satuan": "per titik",
            "estimasi": "1-2 jam",
            "garansi": "3 bulan"
          },
          "perbaikan_instalasi_air": {
            "nama": "Perbaikan Instalasi Air",
            "harga": 160000,
            "satuan": "per unit",
            "estimasi": "2-3 jam",
            "garansi": "6 bulan"
          },
          "perbaikan_saluran_air": {
            "nama": "Perbaikan Saluran Air",
            "harga": 130000,
            "satuan": "per meter",
            "estimasi": "1-3 jam",
            "garansi": "3 bulan"
          },
          "konsultasi_teknis": {
            "nama": "Konsultasi Teknis",
            "harga": 55000,
            "satuan": "per sesi",
            "estimasi": "30-60 menit",
            "garansi": "-"
          }
        },
        "teknisi": [
          {
            "id": "T018",
            "nama": "Bahlil Lahadalia",
            "pengalaman": "6 tahun",
            "rating": 4.7,
            "total_pekerjaan": 130,
            "status": "tersedia"
          }
        ],
        "jadwal": {
          "senin_jumat": "08:00 - 17:00",
          "sabtu": "08:00 - 15:00",
          "minggu": "Tutup"
        }
      },
      "jakarta": {
        "status": "tersedia",
        "harga": {
          "perbaikan_kebocoran_umum": {
            "nama": "Perbaikan Kebocoran Umum",
            "harga": 120000,
            "satuan": "per titik",
            "estimasi": "1-2 jam",
            "garansi": "3 bulan"
          },
          "perbaikan_instalasi_air": {
            "nama": "Perbaikan Instalasi Air",
            "harga": 170000,
            "satuan": "per unit",
            "estimasi": "2-3 jam",
            "garansi": "6 bulan"
          },
          "perbaikan_saluran_air": {
            "nama": "Perbaikan Saluran Air",
            "harga": 140000,
            "satuan": "per meter",
            "estimasi": "1-3 jam",
            "garansi": "3 bulan"
          },
          "konsultasi_teknis": {
            "nama": "Konsultasi Teknis",
            "harga": 60000,
            "satuan": "per sesi",
            "estimasi": "30-60 menit",
            "garansi": "-"
          }
        },
        "teknisi": [
          {
            "id": "T019",
            "nama": "Luhut Binsar",
            "pengalaman": "12 tahun",
            "rating": 4.9,
            "total_pekerjaan": 320,
            "status": "tersedia"
          }
        ],
        "jadwal": {
          "senin_jumat": "08:00 - 17:00",
          "sabtu": "08:00 - 15:00",
          "minggu": "Tutup"
        }
      }
    }
  },
  "metadata": {
    "last_updated": "2024-07-20T16:54:00Z",
    "version": "1.0.0",
    "total_cabang": 3,
    "cabang_tersedia": 3
  }
} 