{
  "layanan": {
    "id": "pipa-mampet",
    "nama": "Pipa Mampet",
    "kategori": "pipa-mampet",
    "deskripsi": "Layanan perbaikan dan pembersihan pipa yang tersumbat dengan teknologi modern",
    "icon": "/upload/icon/pipa-mampet.svg",
    "gambar": "/upload/layanan/pipa-mampet.jpg",
    "cabang": {
      "malang": {
        "status": "tersedia",
        "harga": {
          "pipa_dapur": {
            "nama": "Pipa Dapur",
            "harga": 150000,
            "satuan": "per meter",
            "estimasi": "2-4 jam",
            "garansi": "3 bulan"
          },
          "pipa_kamar_mandi": {
            "nama": "Pipa Kamar Mandi",
            "harga": 120000,
            "satuan": "per meter",
            "estimasi": "1-3 jam",
            "garansi": "3 bulan"
          },
          "pipa_wc": {
            "nama": "Pipa WC",
            "harga": 200000,
            "satuan": "per meter",
            "estimasi": "3-5 jam",
            "garansi": "6 bulan"
          },
          "pipa_got": {
            "nama": "Pipa Got",
            "harga": 250000,
            "satuan": "per meter",
            "estimasi": "4-6 jam",
            "garansi": "6 bulan"
          }
        },
        "teknisi": [
          {
            "id": "T001",
            "nama": "Budi Santoso",
            "pengalaman": "5 tahun",
            "rating": 4.8,
            "total_pekerjaan": 150,
            "status": "tersedia"
          },
          {
            "id": "T002",
            "nama": "Ahmad Rizki",
            "pengalaman": "3 tahun",
            "rating": 4.6,
            "total_pekerjaan": 89,
            "status": "tersedia"
          }
        ],
        "jadwal": {
          "senin_jumat": "08:00 - 17:00",
          "sabtu": "08:00 - 15:00",
          "minggu": "Tutup"
        }
      },
      "surabaya": {
        "status": "tersedia",
        "harga": {
          "pipa_dapur": {
            "nama": "Pipa Dapur",
            "harga": 180000,
            "satuan": "per meter",
            "estimasi": "2-4 jam",
            "garansi": "3 bulan"
          },
          "pipa_kamar_mandi": {
            "nama": "Pipa Kamar Mandi",
            "harga": 150000,
            "satuan": "per meter",
            "estimasi": "1-3 jam",
            "garansi": "3 bulan"
          },
          "pipa_wc": {
            "nama": "Pipa WC",
            "harga": 220000,
            "satuan": "per meter",
            "estimasi": "3-5 jam",
            "garansi": "6 bulan"
          },
          "pipa_got": {
            "nama": "Pipa Got",
            "harga": 280000,
            "satuan": "per meter",
            "estimasi": "4-6 jam",
            "garansi": "6 bulan"
          }
        },
        "teknisi": [
          {
            "id": "T003",
            "nama": "Surya Pratama",
            "pengalaman": "7 tahun",
            "rating": 4.9,
            "total_pekerjaan": 200,
            "status": "tersedia"
          }
        ],
        "jadwal": {
          "senin_jumat": "08:00 - 17:00",
          "sabtu": "08:00 - 15:00",
          "minggu": "Tutup"
        }
      },
      "jakarta": {
        "status": "tersedia",
        "harga": {
          "pipa_dapur": {
            "nama": "Pipa Dapur",
            "harga": 200000,
            "satuan": "per meter",
            "estimasi": "2-4 jam",
            "garansi": "3 bulan"
          },
          "pipa_kamar_mandi": {
            "nama": "Pipa Kamar Mandi",
            "harga": 170000,
            "satuan": "per meter",
            "estimasi": "1-3 jam",
            "garansi": "3 bulan"
          },
          "pipa_wc": {
            "nama": "Pipa WC",
            "harga": 250000,
            "satuan": "per meter",
            "estimasi": "3-5 jam",
            "garansi": "6 bulan"
          },
          "pipa_got": {
            "nama": "Pipa Got",
            "harga": 300000,
            "satuan": "per meter",
            "estimasi": "4-6 jam",
            "garansi": "6 bulan"
          }
        },
        "teknisi": [
          {
            "id": "T004",
            "nama": "Dedi Kurniawan",
            "pengalaman": "4 tahun",
            "rating": 4.7,
            "total_pekerjaan": 120,
            "status": "tersedia"
          }
        ],
        "jadwal": {
          "senin_jumat": "08:00 - 17:00",
          "sabtu": "08:00 - 15:00",
          "minggu": "Tutup"
        }
      }
    }
  },
  "metadata": {
    "last_updated": "2024-07-20T16:54:00Z",
    "version": "1.0.0",
    "total_cabang": 3,
    "cabang_tersedia": 3
  }
} 