{
  "layanan": {
    "id": "plumbing",
    "nama": "Plumbing",
    "kategori": "plumbing",
    "deskripsi": "Layanan instalasi dan perbaikan sistem plumbing profesional",
    "icon": "/upload/icon/plumbing.svg",
    "gambar": "/upload/layanan/plumbing.jpg",
    "cabang": {
      "malang": {
        "status": "tersedia",
        "harga": {
          "instalasi_pipa_air": {
            "nama": "Instalasi Pipa Air",
            "harga": 300000,
            "satuan": "per meter",
            "estimasi": "4-6 jam",
            "garansi": "1 tahun"
          },
          "instalasi_pipa_got": {
            "nama": "Instalasi Pipa Got",
            "harga": 250000,
            "satuan": "per meter",
            "estimasi": "3-5 jam",
            "garansi": "1 tahun"
          },
          "perbaikan_kebocoran": {
            "nama": "Perbaikan Kebocoran",
            "harga": 150000,
            "satuan": "per titik",
            "estimasi": "1-3 jam",
            "garansi": "6 bulan"
          },
          "instalasi_closet": {
            "nama": "Instalasi Closet",
            "harga": 400000,
            "satuan": "unit",
            "estimasi": "2-4 jam",
            "garansi": "1 tahun"
          }
        },
        "teknisi": [
          {
            "id": "T008",
            "nama": "Joko Widodo",
            "pengalaman": "10 tahun",
            "rating": 4.9,
            "total_pekerjaan": 300,
            "status": "tersedia"
          }
        ],
        "jadwal": {
          "senin_jumat": "08:00 - 17:00",
          "sabtu": "08:00 - 15:00",
          "minggu": "Tutup"
        }
      },
      "surabaya": {
        "status": "tersedia",
        "harga": {
          "instalasi_pipa_air": {
            "nama": "Instalasi Pipa Air",
            "harga": 350000,
            "satuan": "per meter",
            "estimasi": "4-6 jam",
            "garansi": "1 tahun"
          },
          "instalasi_pipa_got": {
            "nama": "Instalasi Pipa Got",
            "harga": 300000,
            "satuan": "per meter",
            "estimasi": "3-5 jam",
            "garansi": "1 tahun"
          },
          "perbaikan_kebocoran": {
            "nama": "Perbaikan Kebocoran",
            "harga": 180000,
            "satuan": "per titik",
            "estimasi": "1-3 jam",
            "garansi": "6 bulan"
          },
          "instalasi_closet": {
            "nama": "Instalasi Closet",
            "harga": 450000,
            "satuan": "unit",
            "estimasi": "2-4 jam",
            "garansi": "1 tahun"
          }
        },
        "teknisi": [
          {
            "id": "T009",
            "nama": "Susilo Bambang",
            "pengalaman": "8 tahun",
            "rating": 4.8,
            "total_pekerjaan": 220,
            "status": "tersedia"
          }
        ],
        "jadwal": {
          "senin_jumat": "08:00 - 17:00",
          "sabtu": "08:00 - 15:00",
          "minggu": "Tutup"
        }
      },
      "jakarta": {
        "status": "tersedia",
        "harga": {
          "instalasi_pipa_air": {
            "nama": "Instalasi Pipa Air",
            "harga": 400000,
            "satuan": "per meter",
            "estimasi": "4-6 jam",
            "garansi": "1 tahun"
          },
          "instalasi_pipa_got": {
            "nama": "Instalasi Pipa Got",
            "harga": 350000,
            "satuan": "per meter",
            "estimasi": "3-5 jam",
            "garansi": "1 tahun"
          },
          "perbaikan_kebocoran": {
            "nama": "Perbaikan Kebocoran",
            "harga": 200000,
            "satuan": "per titik",
            "estimasi": "1-3 jam",
            "garansi": "6 bulan"
          },
          "instalasi_closet": {
            "nama": "Instalasi Closet",
            "harga": 500000,
            "satuan": "unit",
            "estimasi": "2-4 jam",
            "garansi": "1 tahun"
          }
        },
        "teknisi": [
          {
            "id": "T010",
            "nama": "Megawati Soekarno",
            "pengalaman": "12 tahun",
            "rating": 4.9,
            "total_pekerjaan": 400,
            "status": "tersedia"
          }
        ],
        "jadwal": {
          "senin_jumat": "08:00 - 17:00",
          "sabtu": "08:00 - 15:00",
          "minggu": "Tutup"
        }
      }
    }
  },
  "metadata": {
    "last_updated": "2024-07-20T16:54:00Z",
    "version": "1.0.0",
    "total_cabang": 3,
    "cabang_tersedia": 3
  }
} 