{
  "layanan": {
    "id": "pompa-air",
    "nama": "Pompa Air",
    "kategori": "pompa-air",
    "deskripsi": "Pemasangan dan perbaikan pompa air berkualitas",
    "icon": "/upload/icon/pompa-air.svg",
    "gambar": "/upload/layanan/pompa-air.jpg",
    "cabang": {
      "malang": {
        "status": "tersedia",
        "harga": {
          "pemasangan_pompa_dorong": {
            "nama": "Pemasangan Pompa Dorong",
            "harga": 500000,
            "satuan": "unit",
            "estimasi": "3-4 jam",
            "garansi": "1 tahun"
          },
          "pemasangan_pompa_submersible": {
            "nama": "Pemasangan Pompa Submersible",
            "harga": 800000,
            "satuan": "unit",
            "estimasi": "4-6 jam",
            "garansi": "1 tahun"
          },
          "perbaikan_pompa": {
            "nama": "Perbaikan Pompa Air",
            "harga": 200000,
            "satuan": "per unit",
            "estimasi": "1-3 jam",
            "garansi": "3 bulan"
          },
          "service_rutin": {
            "nama": "Service Rutin Pompa",
            "harga": 150000,
            "satuan": "per unit",
            "estimasi": "1-2 jam",
            "garansi": "1 bulan"
          }
        },
        "teknisi": [
          {
            "id": "T011",
            "nama": "Prabowo Subianto",
            "pengalaman": "9 tahun",
            "rating": 4.8,
            "total_pekerjaan": 180,
            "status": "tersedia"
          }
        ],
        "jadwal": {
          "senin_jumat": "08:00 - 17:00",
          "sabtu": "08:00 - 15:00",
          "minggu": "Tutup"
        }
      },
      "surabaya": {
        "status": "tersedia",
        "harga": {
          "pemasangan_pompa_dorong": {
            "nama": "Pemasangan Pompa Dorong",
            "harga": 550000,
            "satuan": "unit",
            "estimasi": "3-4 jam",
            "garansi": "1 tahun"
          },
          "pemasangan_pompa_submersible": {
            "nama": "Pemasangan Pompa Submersible",
            "harga": 850000,
            "satuan": "unit",
            "estimasi": "4-6 jam",
            "garansi": "1 tahun"
          },
          "perbaikan_pompa": {
            "nama": "Perbaikan Pompa Air",
            "harga": 220000,
            "satuan": "per unit",
            "estimasi": "1-3 jam",
            "garansi": "3 bulan"
          },
          "service_rutin": {
            "nama": "Service Rutin Pompa",
            "harga": 160000,
            "satuan": "per unit",
            "estimasi": "1-2 jam",
            "garansi": "1 bulan"
          }
        },
        "teknisi": [
          {
            "id": "T012",
            "nama": "Ganjar Pranowo",
            "pengalaman": "6 tahun",
            "rating": 4.7,
            "total_pekerjaan": 140,
            "status": "tersedia"
          }
        ],
        "jadwal": {
          "senin_jumat": "08:00 - 17:00",
          "sabtu": "08:00 - 15:00",
          "minggu": "Tutup"
        }
      },
      "jakarta": {
        "status": "tersedia",
        "harga": {
          "pemasangan_pompa_dorong": {
            "nama": "Pemasangan Pompa Dorong",
            "harga": 600000,
            "satuan": "unit",
            "estimasi": "3-4 jam",
            "garansi": "1 tahun"
          },
          "pemasangan_pompa_submersible": {
            "nama": "Pemasangan Pompa Submersible",
            "harga": 900000,
            "satuan": "unit",
            "estimasi": "4-6 jam",
            "garansi": "1 tahun"
          },
          "perbaikan_pompa": {
            "nama": "Perbaikan Pompa Air",
            "harga": 250000,
            "satuan": "per unit",
            "estimasi": "1-3 jam",
            "garansi": "3 bulan"
          },
          "service_rutin": {
            "nama": "Service Rutin Pompa",
            "harga": 180000,
            "satuan": "per unit",
            "estimasi": "1-2 jam",
            "garansi": "1 bulan"
          }
        },
        "teknisi": [
          {
            "id": "T013",
            "nama": "Anies Baswedan",
            "pengalaman": "11 tahun",
            "rating": 4.9,
            "total_pekerjaan": 280,
            "status": "tersedia"
          }
        ],
        "jadwal": {
          "senin_jumat": "08:00 - 17:00",
          "sabtu": "08:00 - 15:00",
          "minggu": "Tutup"
        }
      }
    }
  },
  "metadata": {
    "last_updated": "2024-07-20T16:54:00Z",
    "version": "1.0.0",
    "total_cabang": 3,
    "cabang_tersedia": 3
  }
} 