{
  "layanan": {
    "id": "water-heater",
    "nama": "Water Heater",
    "kategori": "water-heater",
    "deskripsi": "Instalasi dan perbaikan water heater berkualitas",
    "icon": "/upload/icon/water-heater.svg",
    "gambar": "/upload/layanan/water-heater.jpg",
    "cabang": {
      "malang": {
        "status": "tersedia",
        "harga": {
          "instalasi_water_heater": {
            "nama": "Instalasi Water Heater",
            "harga": 400000,
            "satuan": "unit",
            "estimasi": "2-3 jam",
            "garansi": "1 tahun"
          },
          "perbaikan_water_heater": {
            "nama": "Perbaikan Water Heater",
            "harga": 200000,
            "satuan": "per unit",
            "estimasi": "1-2 jam",
            "garansi": "3 bulan"
          },
          "service_rutin": {
            "nama": "Service Rutin Water Heater",
            "harga": 150000,
            "satuan": "per unit",
            "estimasi": "1 jam",
            "garansi": "1 bulan"
          }
        },
        "teknisi": [
          {
            "id": "T014",
            "nama": "Jokowi Widodo",
            "pengalaman": "7 tahun",
            "rating": 4.8,
            "total_pekerjaan": 160,
            "status": "tersedia"
          }
        ],
        "jadwal": {
          "senin_jumat": "08:00 - 17:00",
          "sabtu": "08:00 - 15:00",
          "minggu": "Tutup"
        }
      },
      "surabaya": {
        "status": "tersedia",
        "harga": {
          "instalasi_water_heater": {
            "nama": "Instalasi Water Heater",
            "harga": 450000,
            "satuan": "unit",
            "estimasi": "2-3 jam",
            "garansi": "1 tahun"
          },
          "perbaikan_water_heater": {
            "nama": "Perbaikan Water Heater",
            "harga": 220000,
            "satuan": "per unit",
            "estimasi": "1-2 jam",
            "garansi": "3 bulan"
          },
          "service_rutin": {
            "nama": "Service Rutin Water Heater",
            "harga": 160000,
            "satuan": "per unit",
            "estimasi": "1 jam",
            "garansi": "1 bulan"
          }
        },
        "teknisi": [
          {
            "id": "T015",
            "nama": "Sandiaga Uno",
            "pengalaman": "5 tahun",
            "rating": 4.7,
            "total_pekerjaan": 120,
            "status": "tersedia"
          }
        ],
        "jadwal": {
          "senin_jumat": "08:00 - 17:00",
          "sabtu": "08:00 - 15:00",
          "minggu": "Tutup"
        }
      },
      "jakarta": {
        "status": "tersedia",
        "harga": {
          "instalasi_water_heater": {
            "nama": "Instalasi Water Heater",
            "harga": 500000,
            "satuan": "unit",
            "estimasi": "2-3 jam",
            "garansi": "1 tahun"
          },
          "perbaikan_water_heater": {
            "nama": "Perbaikan Water Heater",
            "harga": 250000,
            "satuan": "per unit",
            "estimasi": "1-2 jam",
            "garansi": "3 bulan"
          },
          "service_rutin": {
            "nama": "Service Rutin Water Heater",
            "harga": 180000,
            "satuan": "per unit",
            "estimasi": "1 jam",
            "garansi": "1 bulan"
          }
        },
        "teknisi": [
          {
            "id": "T016",
            "nama": "Ridwan Kamil",
            "pengalaman": "9 tahun",
            "rating": 4.9,
            "total_pekerjaan": 200,
            "status": "tersedia"
          }
        ],
        "jadwal": {
          "senin_jumat": "08:00 - 17:00",
          "sabtu": "08:00 - 15:00",
          "minggu": "Tutup"
        }
      }
    }
  },
  "metadata": {
    "last_updated": "2024-07-20T16:54:00Z",
    "version": "1.0.0",
    "total_cabang": 3,
    "cabang_tersedia": 3
  }
} 