{
  "slug": "filter-air",
  "name": "Filter Air",
  "category": "filter-air",
  "description": "Pemasangan dan perawatan filter air berkualitas untuk air bersih dan sehat",
  "icon_path": "/upload/icon/filter-air.svg",
  "image_path": "/upload/layanan/filter-air.jpg",
  "type": "service",
  "offerings": {
    "filter_premium_3_stage": {
      "id": "FA001",
      "name": "Filter Air Premium 3 Stage",
      "description": "Filter air berkualitas tinggi dengan 3 tahap penyaringan",
      "image": "https://images.unsplash.com/photo-1558618666-fcd25c85cd64?w=300&h=300&fit=crop",
      "rating": 4.8,
      "sold": 120,
      "features": [
        "3 tahap penyaringan",
        "Menghilangkan klorin",
        "Menghilangkan bau",
        "Menghilangkan partikel halus"
      ],
      "specifications": {
        "Kapasitas": "1000-1500 liter/jam",
        "Tekanan Kerja": "1-6 bar",
        "Suhu Operasi": "5-40°C",
        "Dimensi": "25cm x 150cm",
        "Garansi": "1 tahun"
      }
    },
    "filter_standard_2_stage": {
      "id": "FA002",
      "name": "Filter Air Standard 2 Stage",
      "description": "Filter air standar dengan 2 tahap penyaringan",
      "image": "https://images.unsplash.com/photo-1581094794329-c8112a89af12?w=300&h=300&fit=crop",
      "rating": 4.6,
      "sold": 85,
      "features": [
        "2 tahap penyaringan",
        "Menghilangkan klorin",
        "Menghilangkan bau"
      ],
      "specifications": {
        "Kapasitas": "800-1200 liter/jam",
        "Tekanan Kerja": "1-5 bar",
        "Suhu Operasi": "5-40°C",
        "Dimensi": "20cm x 120cm",
        "Garansi": "6 bulan"
      }
    },
    "filter_ro_5_stage": {
      "id": "FA003",
      "name": "Filter Air RO 5 Stage",
      "description": "Filter air Reverse Osmosis dengan 5 tahap penyaringan",
      "image": "https://images.unsplash.com/photo-1558618666-fcd25c85cd64?w=300&h=300&fit=crop",
      "rating": 4.9,
      "sold": 200,
      "features": [
        "5 tahap penyaringan",
        "Reverse Osmosis",
        "Menghilangkan semua kontaminan",
        "Air siap minum"
      ],
      "specifications": {
        "Kapasitas": "500-800 liter/jam",
        "Tekanan Kerja": "2-8 bar",
        "Suhu Operasi": "5-40°C",
        "Dimensi": "30cm x 180cm",
        "Garansi": "2 tahun"
      }
    },
    "filter_portable_mini": {
      "id": "FA004",
      "name": "Filter Air Portable Mini",
      "description": "Filter air portable untuk kebutuhan mobile",
      "image": "https://images.unsplash.com/photo-1581094794329-c8112a89af12?w=300&h=300&fit=crop",
      "rating": 4.7,
      "sold": 150,
      "features": [
        "Portable dan ringan",
        "1 tahap penyaringan",
        "Cocok untuk traveling",
        "Mudah dibawa"
      ],
      "specifications": {
        "Kapasitas": "200-400 liter/jam",
        "Tekanan Kerja": "1-3 bar",
        "Suhu Operasi": "5-40°C",
        "Dimensi": "15cm x 80cm",
        "Garansi": "3 bulan"
      }
    }
  }
}