{
    "id": 1,
    "slug": "paket-filter-air-sumur-water-kuning-premium",
    "name": "Paket Filter Air Sumur Water Kuning Premium",
    "price": 2095000,
    "original_price": 2500000,
    "discount": 16,
    "rating": 4.8,
    "sold": 120,
    "images": [
        "https://hebbkx1anhila5yf.public.blob.vercel-storage.com/image-2lAPEW9rnnw0nXViM8TFcOe2eJcnq6.png",
        "https://images.unsplash.com/photo-1558618666-fcd25c85cd64?w=600&h=600&fit=crop",
        "https://images.unsplash.com/photo-1581094794329-c8112a89af12?w=600&h=600&fit=crop"
    ],
    "features": [
        "Paket Filter Air Sumur",
        "Pasir Silica",
        "Manganese Grava",
        "Karbon Aktif Impor",
        "Tabung Nanotech 1054 Plus Head Taiwan"
    ],
    "description": "Filter penjernihan air sumur untuk mengatasi air kuning, keruh, dan berbau. Menggunakan teknologi canggih dengan media filter berkualitas tinggi yang mampu menyaring kotoran, lumpur, dan zat besi dalam air sumur.",
    "specifications": {
        "Kapasitas": "1000-1500 liter/jam",
        "Tekanan Kerja": "1-6 bar",
        "Suhu Operasi": "5-40°C",
        "Dimensi": "25cm x 150cm",
        "Garansi": "2 tahun"
    },
    "type": "product"
}