{
  "id": "FA002",
  "nama": "Filter Air Standard 2 Stage",
  "slug": "filter-air-standard-2-stage",
  "kategori": "filter-air",
  "deskripsi": "Filter air standar dengan 2 tahap penyaringan yang efektif untuk menghilangkan klorin dan bau. Cocok untuk rumah tangga dengan kebutuhan air bersih yang terjangkau.",
  "gambar": [
    "Filter Air Atasi Pasir dan Kotoran Halus - flukswaterfilter.webp",
    "Filter Air Sumur untuk Air Kapur - flukswaterfilter.webp"
  ],
  "rating": 4.6,
  "terjual": 85,
  "fitur": [
    "2 tahap penyaringan",
    "Menghilangkan klorin",
    "Menghilangkan bau",
    "Mudah dipasang",
    "Maintenance sederhana"
  ],
  "spesifikasi": {
    "Kapasitas": "800-1200 liter/jam",
    "Tekanan Kerja": "1-5 bar",
    "Suhu Operasi": "5-40°C",
    "Dimensi": "20cm x 120cm",
    "Garansi": "6 bulan",
    "Media Filter": "Karbon Aktif + Sedimen"
  },
  "harga": {
    "malang": {
      "harga": 450000,
      "harga_asli": 550000,
      "diskon": 18,
      "satuan": "unit",
      "estimasi": "1-2 jam",
      "garansi": "6 bulan",
      "gratis_ongkir": true,
      "status": "tersedia"
    },
    "surabaya": {
      "harga": 480000,
      "harga_asli": 580000,
      "diskon": 17,
      "satuan": "unit",
      "estimasi": "1-2 jam",
      "garansi": "6 bulan",
      "gratis_ongkir": true,
      "status": "tersedia"
    },
    "sidoarjo": {
      "harga": 465000,
      "harga_asli": 565000,
      "diskon": 18,
      "satuan": "unit",
      "estimasi": "1-2 jam",
      "garansi": "6 bulan",
      "gratis_ongkir": true,
      "status": "tersedia"
    },
    "jakarta": {
      "harga": 500000,
      "harga_asli": 600000,
      "diskon": 17,
      "satuan": "unit",
      "estimasi": "2-3 jam",
      "garansi": "6 bulan",
      "gratis_ongkir": false,
      "status": "tersedia"
    }
  },
  "metadata": {
    "created_at": "2024-01-01T00:00:00Z",
    "updated_at": "2024-07-20T16:54:00Z",
    "version": "1.0.0"
  }
} 