{
  "id": "FA003",
  "nama": "Filter Air RO 5 Stage",
  "slug": "filter-air-ro-5-stage",
  "kategori": "filter-air",
  "deskripsi": "Filter air Reverse Osmosis dengan 5 tahap penyaringan yang menghasilkan air siap minum berkualitas tinggi. Menggunakan teknologi RO canggih untuk menghilangkan semua kontaminan berbahaya.",
  "gambar": [
    "Filter Air Pure Water untuk Skincare dan Industri  - Filter Air Kota.webp",
    "Filter Air Pure Water untuk Skincare dan Industri  - Filter Air Kota-1.webp"
  ],
  "rating": 4.9,
  "terjual": 200,
  "fitur": [
    "5 tahap penyaringan",
    "Reverse Osmosis",
    "Menghilangkan semua kontaminan",
    "Air siap minum",
    "Teknologi membran RO",
    "Garansi 2 tahun"
  ],
  "spesifikasi": {
    "Kapasitas": "500-800 liter/jam",
    "Tekanan Kerja": "2-8 bar",
    "Suhu Operasi": "5-40°C",
    "Dimensi": "30cm x 180cm",
    "Garansi": "2 tahun",
    "Media Filter": "Sedimen + Karbon + RO Membrane + Post Carbon"
  },
  "harga": {
    "malang": {
      "harga": 1250000,
      "harga_asli": 1500000,
      "diskon": 17,
      "satuan": "unit",
      "estimasi": "3-4 jam",
      "garansi": "2 tahun",
      "gratis_ongkir": true,
      "status": "tersedia"
    },
    "surabaya": {
      "harga": 1300000,
      "harga_asli": 1550000,
      "diskon": 16,
      "satuan": "unit",
      "estimasi": "3-4 jam",
      "garansi": "2 tahun",
      "gratis_ongkir": true,
      "status": "tersedia"
    },
    "sidoarjo": {
      "harga": 1275000,
      "harga_asli": 1525000,
      "diskon": 16,
      "satuan": "unit",
      "estimasi": "3-4 jam",
      "garansi": "2 tahun",
      "gratis_ongkir": true,
      "status": "tersedia"
    },
    "jakarta": {
      "harga": 1350000,
      "harga_asli": 1600000,
      "diskon": 16,
      "satuan": "unit",
      "estimasi": "4-5 jam",
      "garansi": "2 tahun",
      "gratis_ongkir": false,
      "status": "tersedia"
    }
  },
  "metadata": {
    "created_at": "2024-01-01T00:00:00Z",
    "updated_at": "2024-07-20T16:54:00Z",
    "version": "1.0.0"
  }
} 