{
  "id": "FA004",
  "nama": "Filter Air Portable Mini",
  "slug": "filter-air-portable-mini",
  "kategori": "filter-air",
  "deskripsi": "Filter air portable yang ringan dan mudah dibawa untuk kebutuhan traveling atau mobile. Cocok untuk penggunaan di kos-kosan, kantor, atau saat bepergian.",
  "gambar": [
    "Filter Air Sumur untuk Air Kapur - flukswaterfilter-2.webp",
    "Filter Air Sumur untuk Air Kapur - flukswaterfilter-32.webp"
  ],
  "rating": 4.7,
  "terjual": 150,
  "fitur": [
    "Portable dan ringan",
    "1 tahap penyaringan",
    "Cocok untuk traveling",
    "Mudah dibawa",
    "Installasi sederhana",
    "Hemat energi"
  ],
  "spesifikasi": {
    "Kapasitas": "200-400 liter/jam",
    "Tekanan Kerja": "1-3 bar",
    "Suhu Operasi": "5-40°C",
    "Dimensi": "15cm x 80cm",
    "Garansi": "3 bulan",
    "Media Filter": "Karbon Aktif"
  },
  "harga": {
    "malang": {
      "harga": 280000,
      "harga_asli": 350000,
      "diskon": 20,
      "satuan": "unit",
      "estimasi": "30 menit",
      "garansi": "3 bulan",
      "gratis_ongkir": true,
      "status": "tersedia"
    },
    "surabaya": {
      "harga": 300000,
      "harga_asli": 370000,
      "diskon": 19,
      "satuan": "unit",
      "estimasi": "30 menit",
      "garansi": "3 bulan",
      "gratis_ongkir": true,
      "status": "tersedia"
    },
    "sidoarjo": {
      "harga": 290000,
      "harga_asli": 360000,
      "diskon": 19,
      "satuan": "unit",
      "estimasi": "30 menit",
      "garansi": "3 bulan",
      "gratis_ongkir": true,
      "status": "tersedia"
    },
    "jakarta": {
      "harga": 320000,
      "harga_asli": 390000,
      "diskon": 18,
      "satuan": "unit",
      "estimasi": "1 jam",
      "garansi": "3 bulan",
      "gratis_ongkir": false,
      "status": "tersedia"
    }
  },
  "metadata": {
    "created_at": "2024-01-01T00:00:00Z",
    "updated_at": "2024-07-20T16:54:00Z",
    "version": "1.0.0"
  }
} 