{
  "id": "PM001",
  "nama": "Jasa Detox & Bersih Pipa Mampet",
  "slug": "jasa-detox-pipa-mampet",
  "kategori": "pipa-mampet",
  "deskripsi": "Layanan detox dan pembersihan pipa mampet menggunakan teknologi modern tanpa bongkar. Efektif mengatasi masalah pipa tersumbat, bau tidak sedap, dan aliran air yang lambat.",
  "gambar": [
    "https://images.unsplash.com/photo-1558618666-fcd25c85cd64?w=600&h=600&fit=crop",
    "https://images.unsplash.com/photo-1581094794329-c8112a89af12?w=600&h=600&fit=crop"
  ],
  "rating": 4.9,
  "terjual": 250,
  "fitur": [
    "Teknologi detox modern",
    "Tanpa bongkar pipa",
    "Efektif mengatasi sumbatan",
    "Menghilangkan bau tidak sedap",
    "Garamansi hasil kerja",
    "Teknisi berpengalaman"
  ],
  "spesifikasi": {
    "Jenis Layanan": "Detox & Pembersihan",
    "Metode": "Tanpa Bongkar",
    "Estimasi Waktu": "1-3 jam",
    "Garansi": "3 bulan",
    "Cakupan": "Pipa Air, Saluran Pembuangan",
    "Teknologi": "High Pressure + Chemical Safe"
  },
  "harga": {
    "malang": {
      "harga": 150000,
      "harga_asli": 200000,
      "diskon": 25,
      "satuan": "per kran",
      "estimasi": "1-3 jam",
      "garansi": "3 bulan",
      "gratis_ongkir": true,
      "status": "tersedia"
    },
    "surabaya": {
      "harga": 180000,
      "harga_asli": 230000,
      "diskon": 22,
      "satuan": "per kran",
      "estimasi": "1-3 jam",
      "garansi": "3 bulan",
      "gratis_ongkir": true,
      "status": "tersedia"
    },
    "sidoarjo": {
      "harga": 160000,
      "harga_asli": 210000,
      "diskon": 24,
      "satuan": "per kran",
      "estimasi": "1-3 jam",
      "garansi": "3 bulan",
      "gratis_ongkir": true,
      "status": "tersedia"
    },
    "jakarta": {
      "harga": 200000,
      "harga_asli": 250000,
      "diskon": 20,
      "satuan": "per kran",
      "estimasi": "2-4 jam",
      "garansi": "3 bulan",
      "gratis_ongkir": false,
      "status": "tersedia"
    }
  },
  "metadata": {
    "created_at": "2024-01-01T00:00:00Z",
    "updated_at": "2024-07-20T16:54:00Z",
    "version": "1.0.0"
  }
} 