{
  "id": "FA001",
  "nama": "Paket Filter Air Sumur Water Kuning Premium",
  "slug": "paket-filter-air-sumur-water-kuning-premium",
  "kategori": "filter-air",
  "deskripsi": "Filter penjernihan air sumur untuk mengatasi air kuning, keruh, dan berbau. Menggunakan teknologi canggih dengan media filter berkualitas tinggi yang mampu menyaring kotoran, lumpur, dan zat besi dalam air sumur.",
  "gambar": [
    "Filter Air Sumur Bau dan Kuning - flukswaterfilter-2025.webp",
    "Filter Air Sumur Bau dan Kuning - flukswaterfilter-1010.webp"
  ],
  "rating": 4.8,
  "terjual": 120,
  "fitur": [
    "Paket Filter Air Sumur",
    "Pasir Silica",
    "Manganese Grava",
    "Karbon Aktif Impor",
    "Tabung Nanotech 1054 Plus Head Taiwan"
  ],
  "spesifikasi": {
    "Kapasitas": "1000-1500 liter/jam",
    "Tekanan Kerja": "1-6 bar",
    "Suhu Operasi": "5-40°C",
    "Dimensi": "25cm x 150cm",
    "Garansi": "2 tahun"
  },
  "harga": {
    "malang": {
      "harga": 2095000,
      "harga_asli": 2500000,
      "diskon": 16,
      "satuan": "unit",
      "estimasi": "2-3 hari",
      "garansi": "2 tahun",
      "gratis_ongkir": true,
      "status": "tersedia"
    },
    "surabaya": {
      "harga": 2200000,
      "harga_asli": 2600000,
      "diskon": 15,
      "satuan": "unit",
      "estimasi": "2-3 hari",
      "garansi": "2 tahun",
      "gratis_ongkir": true,
      "status": "tersedia"
    },
    "sidoarjo": {
      "harga": 2150000,
      "harga_asli": 2550000,
      "diskon": 16,
      "satuan": "unit",
      "estimasi": "2-3 hari",
      "garansi": "2 tahun",
      "gratis_ongkir": true,
      "status": "tersedia"
    },
    "jakarta": {
      "harga": 2300000,
      "harga_asli": 2700000,
      "diskon": 15,
      "satuan": "unit",
      "estimasi": "3-4 hari",
      "garansi": "2 tahun",
      "gratis_ongkir": false,
      "status": "tersedia"
    }
  },
  "metadata": {
    "created_at": "2024-01-01T00:00:00Z",
    "updated_at": "2024-07-20T16:54:00Z",
    "version": "1.0.0"
  }
}