{
  "id": "PRODUCT_ID",
  "nama": "Nama Produk",
  "slug": "slug-produk",
  "kategori": "kategori-layanan",
  "deskripsi": "Deskripsi produk yang detail",
  "gambar": [
    "nama-gambar-1.webp",
    "nama-gambar-2.webp"
  ],
  "rating": 4.8,
  "terjual": 100,
  "fitur": [
    "Fitur 1",
    "Fitur 2",
    "Fitur 3"
  ],
  "spesifikasi": {
    "Spesifikasi 1": "Nilai 1",
    "Spesifikasi 2": "Nilai 2"
  },
  "harga": {
    "malang": {
      "harga": 100000,
      "harga_asli": 120000,
      "diskon": 17,
      "satuan": "unit",
      "estimasi": "1-2 hari",
      "garansi": "1 tahun",
      "gratis_ongkir": true,
      "status": "tersedia"
    },
    "surabaya": {
      "harga": 110000,
      "harga_asli": 130000,
      "diskon": 15,
      "satuan": "unit",
      "estimasi": "1-2 hari",
      "garansi": "1 tahun",
      "gratis_ongkir": true,
      "status": "tersedia"
    },
    "sidoarjo": {
      "harga": 105000,
      "harga_asli": 125000,
      "diskon": 16,
      "satuan": "unit",
      "estimasi": "1-2 hari",
      "garansi": "1 tahun",
      "gratis_ongkir": true,
      "status": "tersedia"
    }
  },
  "metadata": {
    "created_at": "2024-01-01T00:00:00Z",
    "updated_at": "2024-07-20T16:54:00Z",
    "version": "1.0.0"
  }
} 