{
  "orders": [
    {
      "id": "ORD-2024-001",
      "cabang": "malang",
      "layanan": "pipa-mampet",
      "jenis_layanan": "pipa_dapur",
      "customer": {
        "nama": "Ahmad Rizki",
        "telepon": "+62 812-3456-7890",
        "alamat": "Jl. Soekarno Hatta No 123, Malang",
        "koordinat": {
          "lat": -7.9839,
          "lng": 112.6214
        }
      },
      "detail_pemesanan": {
        "jumlah": 2,
        "satuan": "meter",
        "harga_per_unit": 150000,
        "total_harga": 300000,
        "estimasi_pengerjaan": "2-4 jam",
        "catatan": "Pipa dapur tersumbat parah, butuh perbaikan segera"
      },
      "teknisi": {
        "id": "T001",
        "nama": "Budi Santoso"
      },
      "jadwal": {
        "tanggal": "2024-07-22",
        "waktu": "09:00",
        "status": "dikonfirmasi"
      },
      "status": "dikonfirmasi",
      "pembayaran": {
        "metode": "transfer_bank",
        "status": "lunas",
        "bukti_pembayaran": "/upload/pembayaran/ORD-2024-001.jpg"
      },
      "created_at": "2024-07-20T10:30:00Z",
      "updated_at": "2024-07-20T14:45:00Z"
    },
    {
      "id": "ORD-2024-002",
      "cabang": "surabaya",
      "layanan": "filter-air",
      "jenis_layanan": "filter_premium_3_stage",
      "customer": {
        "nama": "Siti Nurhaliza",
        "telepon": "+62 812-3456-7891",
        "alamat": "Jl. Ahmad Yani No 456, Surabaya",
        "koordinat": {
          "lat": -7.2575,
          "lng": 112.7521
        }
      },
      "detail_pemesanan": {
        "jumlah": 1,
        "satuan": "unit",
        "harga_per_unit": 900000,
        "total_harga": 900000,
        "estimasi_pengerjaan": "2-3 jam",
        "catatan": "Instalasi filter air untuk rumah baru"
      },
      "teknisi": {
        "id": "T006",
        "nama": "Bambang Sutejo"
      },
      "jadwal": {
        "tanggal": "2024-07-23",
        "waktu": "10:00",
        "status": "dikonfirmasi"
      },
      "status": "dikonfirmasi",
      "pembayaran": {
        "metode": "cash",
        "status": "belum_lunas",
        "bukti_pembayaran": null
      },
      "created_at": "2024-07-20T11:15:00Z",
      "updated_at": "2024-07-20T11:15:00Z"
    }
  ],
  "metadata": {
    "total_orders": 2,
    "orders_hari_ini": 2,
    "total_pendapatan": 1200000,
    "last_updated": "2024-07-20T16:54:00Z",
    "version": "1.0.0"
  }
} 